{"data":[{"fecha":"2025-01-05","precio":850.0,"categoria":"Electrónica","cantidad":1,"nombre":"Laptop A","ingreso_total":850.0},{"fecha":"2025-02-10","precio":850.0,"categoria":"Electrónica","cantidad":1,"nombre":"Laptop A","ingreso_total":850.0},{"fecha":"2025-05-22","precio":850.0,"categoria":"Electrónica","cantidad":1,"nombre":"Laptop A","ingreso_total":850.0},{"fecha":"2025-07-07","precio":850.0,"categoria":"Electrónica","cantidad":1,"nombre":"Laptop A","ingreso_total":850.0},{"fecha":"2025-08-15","precio":850.0,"categoria":"Electrónica","cantidad":1,"nombre":"Laptop A","ingreso_total":850.0},{"fecha":"2025-01-05","precio":25.5,"categoria":"Accesorios","cantidad":2,"nombre":"Mouse Inalámbrico","ingreso_total":52.0},{"fecha":"2025-04-16","precio":25.5,"categoria":"Accesorios","cantidad":4,"nombre":"Mouse Inalámbrico","ingreso_total":104.0},{"fecha":"2025-02-12","precio":75.0,"categoria":"Accesorios","cantidad":2,"nombre":"Teclado Mecánico","ingreso_total":150.0},{"fecha":"2025-08-12","precio":75.0,"categoria":"Accesorios","cantidad":1,"nombre":"Teclado Mecánico","ingreso_total":75.0},{"fecha":"2025-01-06","precio":550.0,"categoria":"Electrónica","cantidad":1,"nombre":"Smartphone X","ingreso_total":550.0},{"fecha":"2025-03-01","precio":550.0,"categoria":"Electrónica","cantidad":1,"nombre":"Smartphone X","ingreso_total":550.0},{"fecha":"2025-06-03","precio":550.0,"categoria":"Electrónica","cantidad":1,"nombre":"Smartphone X","ingreso_total":550.0},{"fecha":"2025-01-08","precio":180.0,"categoria":"Wearables","cantidad":1,"nombre":"Smartwatch B","ingreso_total":180.0},{"fecha":"2025-07-05","precio":180.0,"categoria":"Wearables","cantidad":2,"nombre":"Smartwatch B","ingreso_total":360.0},{"fecha":"2025-04-18","precio":120.0,"categoria":"Electrónica","cantidad":1,"nombre":"Auriculares C","ingreso_total":120.0},{"fecha":"2025-01-07","precio":15.0,"categoria":"Accesorios","cantidad":3,"nombre":"Funda para Móvil","ingreso_total":45.0},{"fecha":"2025-08-10","precio":15.0,"categoria":"Accesorios","cantidad":3,"nombre":"Funda para Móvil","ingreso_total":45.0},{"fecha":"2025-03-02","precio":280.0,"categoria":"Electrónica","cantidad":1,"nombre":"Monitor Z","ingreso_total":280.0},{"fecha":"2025-06-01","precio":280.0,"categoria":"Electrónica","cantidad":1,"nombre":"Monitor Z","ingreso_total":280.0},{"fecha":"2025-05-20","precio":50.0,"categoria":"Accesorios","cantidad":2,"nombre":"Webcam HD","ingreso_total":100.0},{"fecha":"2025-04-15","precio":300.0,"categoria":"Electrónica","cantidad":1,"nombre":"Tablet Y","ingreso_total":300.0}]}